"IL_ID","ILCE_ID","IL_ADI","ILCE_ADI","TOPLAM","MHP","HDP","SAADET","CHP","AK PARTİ"
1,650,"ADANA","ALADAĞ",10655,3566,54,186,1225,5337
1,117,"ADANA","CEYHAN",91140,24828,16577,1084,23568,23590
1,982,"ADANA","ÇUKUROVA",219068,56490,15962,3218,89376,50710
1,227,"ADANA","FEKE",10040,3162,67,210,1538,4720
1,699,"ADANA","İMAMOĞLU",16437,4197,389,361,3643,7547
1,332,"ADANA","KARAİSALI",14053,4349,87,228,1313,7773
1,338,"ADANA","KARATAŞ",13301,3521,863,104,5552,3091
1,379,"ADANA","KOZAN",72226,22185,900,1715,14945,31022
1,473,"ADANA","POZANTI",12406,3366,199,300,2636,5644
1,481,"ADANA","SAİMBEYLİ",8695,3028,48,122,1031,4205
1,981,"ADANA","SARIÇAM",77436,30289,3298,1387,12711,28610
1,4,"ADANA","SEYHAN",441384,79714,94887,6605,138646,113966
1,580,"ADANA","TUFANBEYLİ",10385,4048,105,270,1969,3673
1,627,"ADANA","YUMURTALIK",11154,3978,279,110,2898,3676
1,641,"ADANA","YÜREĞİR",220134,40918,43216,3006,53161,74348
2,5,"ADIYAMAN","ADIYAMAN MERKEZ",150588,6791,41780,3432,14553,82147
2,81,"ADIYAMAN","BESNİ",38318,1790,5812,544,9208,20088
2,144,"ADIYAMAN","ÇELİKHAN",8949,179,2429,245,820,5151
2,244,"ADIYAMAN","GERGER",8062,111,1406,218,403,5717
2,251,"ADIYAMAN","GÖLBAŞI",26172,2867,2391,337,7281,12693
2,320,"ADIYAMAN","KAHTA",54425,513,14012,786,931,37335
2,485,"ADIYAMAN","SAMSAT",4137,116,675,238,112,2946
2,878,"ADIYAMAN","SİNCİK",10014,107,513,104,100,9084
2,882,"ADIYAMAN","TUT",5660,456,372,102,1387,3183
3,8,"AFYONKARAHİSAR","AFYONKARAHİSAR MERKEZ",162329,44130,2245,4216,22277,86862
3,664,"AFYONKARAHİSAR","BAŞMAKÇI",6920,1561,45,66,2174,2855
3,666,"AFYONKARAHİSAR","BAYAT",4740,1048,97,63,883,2439
3,99,"AFYONKARAHİSAR","BOLVADİN",26290,5899,250,475,2771,16458
3,137,"AFYONKARAHİSAR","ÇAY",19910,5342,187,318,4526,9049
3,799,"AFYONKARAHİSAR","ÇOBANLAR",7710,2244,41,116,1109,4090
3,165,"AFYONKARAHİSAR","DAZKIRI",7482,1875,40,105,2076,3245
3,179,"AFYONKARAHİSAR","DİNAR",28760,8383,260,529,6204,12727
3,204,"AFYONKARAHİSAR","EMİRDAĞ",21686,4469,255,544,5369,10562
3,816,"AFYONKARAHİSAR","EVCİLER",4901,1193,16,41,1516,2040
3,837,"AFYONKARAHİSAR","HOCALAR",6127,1631,42,118,660,3427
3,301,"AFYONKARAHİSAR","İHSANİYE",17516,4888,80,258,2048,9897
3,702,"AFYONKARAHİSAR","İSCEHİSAR",14242,2738,69,454,1018,9211
3,854,"AFYONKARAHİSAR","KIZILÖREN",1750,653,12,27,236,768
3,487,"AFYONKARAHİSAR","SANDIKLI",33972,8470,289,856,5275,18175
3,519,"AFYONKARAHİSAR","SİNANPAŞA",25520,6272,129,502,3403,14533
3,532,"AFYONKARAHİSAR","SULTANDAĞI",10883,2458,186,104,5100,2718
3,557,"AFYONKARAHİSAR","ŞUHUT",23857,4855,143,472,4397,13344
4,11,"AĞRI","AĞRI MERKEZ",64610,2364,39350,552,851,19707
4,181,"AĞRI","DİYADİN",18757,192,16671,90,155,1194
4,185,"AĞRI","DOĞUBAYAZIT",53616,870,48004,206,437,3656
4,199,"AĞRI","ELEŞKİRT",15698,406,9808,123,147,4651
4,276,"AĞRI","HAMUR",8417,59,6675,50,46,1292
4,461,"AĞRI","PATNOS",52320,707,46583,215,449,3987
4,560,"AĞRI","TAŞLIÇAY",9447,397,7528,36,98,1209
4,584,"AĞRI","TUTAK",14111,1090,10710,39,155,1913
68,753,"AKSARAY","AĞAÇÖREN",5140,1328,17,104,291,3291
68,20,"AKSARAY","AKSARAY MERKEZ",148954,47565,2868,1790,8377,86364
68,814,"AKSARAY","ESKİL",13889,3760,71,219,866,8735
68,825,"AKSARAY","GÜLAĞAÇ",10000,2240,190,147,1681,5541
68,754,"AKSARAY","GÜZELYURT",6286,1471,63,55,937,3652
68,450,"AKSARAY","ORTAKÖY",18036,5141,188,298,1283,10830
68,759,"AKSARAY","SARIYAHŞİ",2523,650,21,76,265,1460
5,34,"AMASYA","AMASYA MERKEZ",85402,22089,1067,1750,20786,38420
5,260,"AMASYA","GÖYNÜCEK",7066,1385,95,150,1623,3640
5,265,"AMASYA","GÜMÜŞHACIKÖY",16842,2091,239,375,7788,6096
5,831,"AMASYA","HAMAMÖZÜ",2841,618,16,66,710,1340
5,417,"AMASYA","MERZİFON",46762,9334,599,1105,16685,18448
5,534,"AMASYA","SULUOVA",29411,5796,276,984,3802,18043
5,561,"AMASYA","TAŞOVA",21127,6691,155,259,3526,9901
6,765,"ANKARA","AKYURT",17501,2782,387,680,1526,11621
6,66,"ANKARA","BALA",12566,2235,1397,126,1648,6801
6,129,"ANKARA","ÇANKAYA",591134,94838,50415,5517,304837,111756
6,200,"ANKARA","ELMADAĞ",27487,6302,1324,1021,7930,9899
6,815,"ANKARA","ETİMESGUT",308246,65299,16064,5717,88981,117100
6,817,"ANKARA","EVREN",1790,423,14,26,294,961
6,637,"ANKARA","GÖLBAŞI",69557,15378,4137,1677,13967,30624
6,284,"ANKARA","HAYMANA",17368,1633,3217,277,1621,10080
6,639,"ANKARA","MAMAK",366819,58469,17225,6855,121633,152632
6,471,"ANKARA","POLATLI",70607,16127,4854,1163,12622,33124
6,640,"ANKARA","SİNCAN",293226,59985,10950,7661,43952,159155
6,551,"ANKARA","ŞEREFLİKOÇHİSAR",19579,4555,979,267,3769,9030
6,30,"ANKARA","ALTINDAĞ",213334,28430,8816,4923,46161,116843
6,56,"ANKARA","AYAŞ",8906,2077,231,226,1554,4337
6,86,"ANKARA","BEYPAZARI",30709,8843,1004,455,4124,14805
6,125,"ANKARA","ÇAMLIDERE",4654,584,15,78,468,3367
6,158,"ANKARA","ÇUBUK",51620,6953,909,1470,5757,34376
6,262,"ANKARA","GÜDÜL",6060,1181,34,80,788,3711
6,322,"ANKARA","KALECİK",8919,1754,76,161,1668,4896
6,708,"ANKARA","KAZAN",28076,6176,641,650,3079,16450
6,638,"ANKARA","KEÇİÖREN",543985,103894,21149,10685,127740,255664
6,367,"ANKARA","KIZILCAHAMAM",17638,3923,140,737,1909,10310
6,432,"ANKARA","NALLIHAN",19912,4571,145,335,5127,8913
6,983,"ANKARA","PURSAKLAR",76160,11420,1154,2268,6914,50755
6,616,"ANKARA","YENİMAHALLE",396851,69333,21703,6654,135168,142922
7,21,"ANTALYA","AKSEKİ",7649,1132,64,151,2342,3712
7,984,"ANTALYA","AKSU",38632,10212,2911,438,8866,15487
7,26,"ANTALYA","ALANYA",152842,44285,8042,1644,33719,62414
7,704,"ANTALYA","DEMRE",16180,3928,266,570,4147,6808
7,985,"ANTALYA","DÖŞEMEALTI",31798,6366,1752,413,9543,13077
7,201,"ANTALYA","ELMALI",25138,4898,640,639,6978,10810
7,231,"ANTALYA","FİNİKE",28665,6871,868,319,9301,10295
7,234,"ANTALYA","GAZİPAŞA",30266,7448,531,459,9727,11242
7,267,"ANTALYA","GÜNDOĞMUŞ",5030,1110,52,68,963,2513
7,839,"ANTALYA","İBRADI",1932,225,9,23,725,887
7,346,"ANTALYA","KAŞ",34109,7329,989,423,11415,12767
7,852,"ANTALYA","KEMER",22583,5651,1956,193,7350,7085
7,941,"ANTALYA","KEPEZ",276182,56807,34680,3874,72860,104058
7,942,"ANTALYA","KONYAALTI",85668,14803,6653,862,41392,20206
7,376,"ANTALYA","KORKUTELİ",34428,7518,623,1614,8344,15552
7,385,"ANTALYA","KUMLUCA",41499,10543,1904,508,11387,16409
7,405,"ANTALYA","MANAVGAT",124040,30100,5515,1340,40199,44745
7,943,"ANTALYA","MURATPAŞA",279543,48967,20944,2806,127804,73521
7,509,"ANTALYA","SERİK",69455,18808,1695,730,21802,24881
75,43,"ARDAHAN","ARDAHAN MERKEZ",22555,2432,8827,155,3382,4800
75,150,"ARDAHAN","ÇILDIR",5537,708,190,53,1848,1566
75,900,"ARDAHAN","DAMAL",3458,51,288,27,2649,212
75,253,"ARDAHAN","GÖLE",14424,375,7009,188,1408,4401
75,277,"ARDAHAN","HANAK",5821,356,540,68,2373,1499
75,472,"ARDAHAN","POSOF",4476,470,236,70,830,2279
8,44,"ARTVİN","ARDANUÇ",7595,1453,136,111,3358,2286
8,46,"ARTVİN","ARHAVİ",12999,2381,218,279,4242,5586
8,51,"ARTVİN","ARTVİN MERKEZ",21551,5511,435,358,7237,7364
8,101,"ARTVİN","BORÇKA",14265,3667,215,355,3064,6645
8,292,"ARTVİN","HOPA",21255,4517,1551,286,8366,6182
8,721,"ARTVİN","MURGUL",3963,1218,51,54,1299,1244
8,546,"ARTVİN","ŞAVŞAT",12470,2899,237,220,4185,4373
8,629,"ARTVİN","YUSUFELİ",14041,3157,88,198,1767,8290
9,105,"AYDIN","BOZDOĞAN",22535,4371,196,361,8270,8566
9,674,"AYDIN","BUHARKENT",8291,1613,481,110,3203,2713
9,154,"AYDIN","ÇİNE",34463,5984,535,384,13777,12538
9,892,"AYDIN","DİDİM",43794,6496,6917,315,20034,9117
9,1025,"AYDIN","EFELER",169401,31472,17212,2130,67942,47792
9,245,"AYDIN","GERMENCİK",27580,5597,4942,212,10061,6212
9,700,"AYDIN","İNCİRLİOVA",26791,5485,1850,196,9677,9199
9,330,"AYDIN","KARACASU",12653,2222,145,127,5408,4335
9,850,"AYDIN","KARPUZLU",7723,1207,57,77,2425,3735
9,373,"AYDIN","KOÇARLI",15935,2490,406,129,5880,6695
9,861,"AYDIN","KÖŞK",17225,4038,1130,286,2709,8684
9,390,"AYDIN","KUŞADASI",62918,10283,5543,460,32513,12702
9,391,"AYDIN","KUYUCAK",18980,3050,130,159,7764,7451
9,435,"AYDIN","NAZİLLİ",94726,18050,7025,1294,37586,28827
9,530,"AYDIN","SÖKE",72792,13244,10214,632,31301,16122
9,533,"AYDIN","SULTANHİSAR",13585,2404,1142,156,5537,4114
9,617,"AYDIN","YENİPAZAR",8911,1472,108,74,3230,3825
10,1030,"BALIKESİR","ALTIEYLÜL",109140,26270,2563,2195,28251,48193
10,60,"BALIKESİR","AYVALIK",46379,7545,3086,298,24424,10070
10,68,"BALIKESİR","BALYA",10459,1848,173,158,3705,4214
10,70,"BALIKESİR","BANDIRMA",93784,17497,3893,1429,40956,28398
10,90,"BALIKESİR","BİGADİÇ",32828,6776,489,940,7443,16547
10,115,"BALIKESİR","BURHANİYE",37244,5826,2163,324,17116,10951
10,189,"BALIKESİR","DURSUNBEY",26478,3832,147,1291,2304,18282
10,192,"BALIKESİR","EDREMİT",90418,14504,5601,1385,42287,24817
10,208,"BALIKESİR","ERDEK",22855,2499,503,171,12787,6436
10,821,"BALIKESİR","GÖMEÇ",8735,1608,499,76,3865,2527
10,257,"BALIKESİR","GÖNEN",50145,10580,1063,629,16896,19940
10,281,"BALIKESİR","HAVRAN",17826,3935,112,318,4515,8472
10,314,"BALIKESİR","İVRİNDİ",23824,4474,175,469,5256,12703
10,1029,"BALIKESİR","KARESİ",112618,29260,2163,2875,27566,49207
10,356,"BALIKESİR","KEPSUT",16201,3829,81,478,1977,9435
10,407,"BALIKESİR","MANYAS",14384,2266,173,151,6613,4863
10,717,"BALIKESİR","MARMARA",6081,864,255,55,2440,2370
10,501,"BALIKESİR","SAVAŞTEPE",12656,3150,199,155,2744,6122
10,512,"BALIKESİR","SINDIRGI",26136,6948,126,511,5938,12012
10,537,"BALIKESİR","SUSURLUK",27210,5640,393,410,10372,9881
74,654,"BARTIN","AMASRA",9688,1846,131,340,3964,3022
74,71,"BARTIN","BARTIN MERKEZ",90536,17242,1231,4643,27693,36681
74,389,"BARTIN","KURUCAŞİLE",4510,708,30,195,1677,1663
74,594,"BARTIN","ULUS",14866,1974,79,499,3172,8227
72,73,"BATMAN","BATMAN MERKEZ",195765,2041,145596,2007,1294,32071
72,83,"BATMAN","BEŞİRİ",13935,88,10418,72,48,2446
72,242,"BATMAN","GERCÜŞ",9813,166,5792,112,89,2553
72,834,"BATMAN","HASANKEYF",3074,45,1939,28,37,799
72,380,"BATMAN","KOZLUK",28852,213,21797,125,176,5271
72,500,"BATMAN","SASON",12026,197,5644,195,438,4773
69,660,"BAYBURT","AYDINTEPE",4217,1231,5,124,89,2683
69,75,"BAYBURT","BAYBURT MERKEZ",35972,12158,443,1024,762,21150
69,681,"BAYBURT","DEMİRÖZÜ",4938,1058,18,158,258,3376
11,91,"BİLECİK","BİLECİK MERKEZ",41038,11320,1214,697,11985,14948
11,109,"BİLECİK","BOZÜYÜK",45878,12097,2258,910,14966,14971
11,256,"BİLECİK","GÖLPAZARI",7198,1314,60,101,2336,3141
11,841,"BİLECİK","İNHİSAR",1915,361,19,40,619,815
11,452,"BİLECİK","OSMANELİ",13853,3354,181,448,3475,6124
11,464,"BİLECİK","PAZARYERİ",7458,2243,279,84,1520,3148
11,529,"BİLECİK","SÖĞÜT",11970,2843,312,580,3217,4793
11,750,"BİLECİK","YENİPAZAR",2433,451,10,26,685,1210
12,643,"BİNGÖL","ADAKLI",4420,80,2111,68,94,1799
12,92,"BİNGÖL","BİNGÖL MERKEZ",74264,2428,28410,828,759,36842
12,241,"BİNGÖL","GENÇ",16238,334,4218,199,116,10262
12,341,"BİNGÖL","KARLIOVA",14965,207,11732,63,82,1517
12,369,"BİNGÖL","KİĞI",2914,210,1434,37,221,907
12,526,"BİNGÖL","SOLHAN",14914,272,3762,213,96,9422
12,748,"BİNGÖL","YAYLADERE",1150,130,724,14,60,195
12,889,"BİNGÖL","YEDİSU",1703,30,1074,11,201,342
13,6,"BİTLİS","ADİLCEVAZ",13968,940,8644,91,257,3734
13,12,"BİTLİS","AHLAT",18452,1441,11333,140,342,4975
13,95,"BİTLİS","BİTLİS MERKEZ",31269,1284,16807,418,580,10826
13,691,"BİTLİS","GÜROYMAK",20228,271,14022,124,182,5301
13,291,"BİTLİS","HİZAN",15416,171,9078,100,118,5598
13,430,"BİTLİS","MUTKİ",12438,324,4403,141,153,6939
13,562,"BİTLİS","TATVAN",42578,1616,28817,325,435,10399
14,98,"BOLU","BOLU MERKEZ",112872,21377,2618,4036,32823,49998
14,809,"BOLU","DÖRTDİVAN",4509,452,13,143,317,3494
14,243,"BOLU","GEREDE",22108,1679,130,732,1665,17633
14,261,"BOLU","GÖYNÜK",10605,1150,48,401,1545,7096
14,360,"BOLU","KIBRISCIK",2323,218,21,45,897,1053
14,415,"BOLU","MENGEN",9142,1151,67,286,3100,4299
14,424,"BOLU","MUDURNU",13536,2327,81,422,3412,6768
14,503,"BOLU","SEBEN",3994,783,22,91,871,2107
14,890,"BOLU","YENİÇAĞA",4907,469,21,402,646,3270
15,9,"BURDUR","AĞLASUN",5776,1095,35,134,988,3352
15,767,"BURDUR","ALTINYAYLA",3481,654,18,62,356,2219
15,110,"BURDUR","BUCAK",40713,11890,492,1118,5687,20691
15,114,"BURDUR","BURDUR MERKEZ",63997,12580,1369,2024,24085,22567
15,792,"BURDUR","ÇAVDIR",8043,2309,75,164,2151,3114
15,796,"BURDUR","ÇELTİKÇİ",3935,743,19,82,749,2230
15,254,"BURDUR","GÖLHİSAR",13705,3290,143,272,1983,7668
15,706,"BURDUR","KARAMANLI",5505,1175,94,128,2111,1883
15,709,"BURDUR","KEMER",2523,432,8,79,449,1497
15,565,"BURDUR","TEFENNİ",6926,2413,88,102,1693,2472
15,621,"BURDUR","YEŞİLOVA",11669,2050,73,220,5175,3746
16,676,"BURSA","BÜYÜKORHAN",7551,1241,59,242,944,4738
16,240,"BURSA","GEMLİK",65376,10783,3616,2372,22045,25318
16,828,"BURSA","GÜRSU",42539,7835,2522,1496,6541,23495
16,692,"BURSA","HARMANCIK",4797,969,34,196,1066,2346
16,308,"BURSA","İNEGÖL",147244,22903,9136,7532,20165,84978
16,315,"BURSA","İZNİK",28684,5731,410,1236,8647,12067
16,329,"BURSA","KARACABEY",52307,11996,2668,1765,16349,18359
16,351,"BURSA","KELES",9160,1731,40,370,1500,5167
16,853,"BURSA","KESTEL",34696,6267,1945,1351,8963,15706
16,423,"BURSA","MUDANYA",55320,9118,1691,1000,24942,17413
16,428,"BURSA","MUSTAFAKEMALPAŞA",66378,13820,1004,1813,20845,27186
16,722,"BURSA","NİLÜFER",238891,42025,11242,4725,99707,77047
16,446,"BURSA","ORHANELİ",14736,3886,97,556,2665,7049
16,447,"BURSA","ORHANGAZİ",49696,9107,1314,1613,15728,20906
16,725,"BURSA","OSMANGAZİ",512570,90583,23753,16583,146688,226045
16,618,"BURSA","YENİŞEHİR",35179,8118,1761,993,10097,13546
16,752,"BURSA","YILDIRIM",384279,63153,34979,12289,82187,185989
17,59,"ÇANAKKALE","AYVACIK",22373,4477,480,192,8872,7690
17,79,"ÇANAKKALE","BAYRAMİÇ",21624,3793,218,267,9416,7240
17,89,"ÇANAKKALE","BİGA",58246,11088,962,798,18106,25761
17,104,"ÇANAKKALE","BOZCAADA",1862,292,132,9,962,414
17,127,"ÇANAKKALE","ÇAN",34959,7948,226,321,12375,13118
17,128,"ÇANAKKALE","ÇANAKKALE MERKEZ",97554,21119,4715,890,44579,24370
17,191,"ÇANAKKALE","ECEABAT",6539,929,167,61,3928,1301
17,224,"ÇANAKKALE","EZİNE",21775,4042,398,196,9538,6883
17,237,"ÇANAKKALE","GELİBOLU",27619,4687,703,213,13881,7495
17,305,"ÇANAKKALE","GÖKÇEADA",4689,992,643,48,1348,1508
17,396,"ÇANAKKALE","LAPSEKİ",18332,3990,288,133,5394,8022
17,615,"ÇANAKKALE","YENİCE",24456,4703,144,324,6051,12544
18,658,"ÇANKIRI","ATKARACALAR",2581,639,17,80,103,1687
18,778,"ÇANKIRI","BAYRAMÖREN",1752,308,6,58,111,1215
18,130,"ÇANKIRI","ÇANKIRI MERKEZ",50070,16939,608,1089,2845,27774
18,146,"ÇANKIRI","ÇERKEŞ",9224,2881,73,310,1044,4649
18,198,"ÇANKIRI","ELDİVAN",3894,938,8,96,405,2351
18,296,"ÇANKIRI","ILGAZ",9215,2311,30,310,593,5717
18,710,"ÇANKIRI","KIZILIRMAK",4888,1279,39,57,250,3163
18,856,"ÇANKIRI","KORGUN",2712,623,2,84,118,1820
18,387,"ÇANKIRI","KURŞUNLU",5118,1273,40,91,540,3076
18,448,"ÇANKIRI","ORTA",6971,1099,10,251,169,5296
18,542,"ÇANKIRI","ŞABANÖZÜ",6456,1894,48,108,926,3350
18,611,"ÇANKIRI","YAPRAKLI",5307,767,10,76,93,4209
19,24,"ÇORUM","ALACA",21139,3830,340,308,4077,12261
19,76,"ÇORUM","BAYAT",11254,1732,47,225,1007,7962
19,671,"ÇORUM","BOĞAZKALE",2546,473,19,60,204,1731
19,157,"ÇORUM","ÇORUM MERKEZ",170951,26804,4651,3551,47292,86906
19,804,"ÇORUM","DODURGA",4453,1113,22,128,1081,1982
19,311,"ÇORUM","İSKİLİP",22115,4957,98,564,1978,13906
19,340,"ÇORUM","KARGI",11059,1816,41,178,1916,6673
19,865,"ÇORUM","LAÇİN",3309,649,35,74,698,1768
19,413,"ÇORUM","MECİTÖZÜ",11289,1126,246,161,4060,5533
19,869,"ÇORUM","OĞUZLAR",4115,510,9,62,922,2500
19,449,"ÇORUM","ORTAKÖY",4864,1073,144,94,1350,2124
19,451,"ÇORUM","OSMANCIK",28313,5850,146,620,4928,16162
19,535,"ÇORUM","SUNGURLU",32033,8538,276,471,4224,18062
19,743,"ÇORUM","UĞURLUDAĞ",3883,594,8,68,470,2648
20,2,"DENİZLİ","ACIPAYAM",36869,6515,377,530,10431,18085
20,662,"DENİZLİ","BABADAĞ",4405,758,38,25,1332,2149
20,774,"DENİZLİ","BAKLAN",3936,763,37,34,1258,1727
20,667,"DENİZLİ","BEKİLLİ",5228,583,49,49,2698,1683
20,781,"DENİZLİ","BEYAĞAÇ",4646,714,25,43,1498,2237
20,782,"DENİZLİ","BOZKURT",7628,1101,88,62,3504,2680
20,113,"DENİZLİ","BULDAN",18393,3820,217,169,6949,6790
20,122,"DENİZLİ","ÇAL",14324,2690,113,302,6005,4896
20,124,"DENİZLİ","ÇAMELİ",12431,1306,59,115,2428,8044
20,131,"DENİZLİ","ÇARDAK",5870,940,39,96,2602,2096
20,155,"DENİZLİ","ÇİVRİL",38836,7344,507,558,14889,14753
20,268,"DENİZLİ","GÜNEY",7481,830,53,62,3347,3016
20,696,"DENİZLİ","HONAZ",18149,3434,605,234,6991,6556
20,321,"DENİZLİ","KALE",13078,2306,172,185,2438,7693
20,1035,"DENİZLİ","MERKEZEFENDİ",174555,33125,11642,2734,61885,62834
20,764,"DENİZLİ","PAMUKKALE",199923,38555,7856,2910,70810,77011
20,490,"DENİZLİ","SARAYKÖY",20069,3026,1498,139,8948,6168
20,733,"DENİZLİ","SERİNHİSAR",9792,1918,76,149,3088,4378
20,563,"DENİZLİ","TAVAS",31141,5229,309,411,9324,15153
21,944,"DİYARBAKIR","BAĞLAR",184001,1903,149717,852,1679,22210
21,94,"DİYARBAKIR","BİSMİL",56370,322,49285,165,201,4827
21,147,"DİYARBAKIR","ÇERMİK",20089,177,10004,122,320,7670
21,151,"DİYARBAKIR","ÇINAR",29912,139,23598,103,67,2988
21,161,"DİYARBAKIR","ÇÜNGÜŞ",5656,199,2345,93,247,2277
21,176,"DİYARBAKIR","DİCLE",17460,153,12300,90,89,4154
21,684,"DİYARBAKIR","EĞİL",10394,183,7528,76,55,2190
21,213,"DİYARBAKIR","ERGANİ",59644,436,43785,319,1162,10176
21,278,"DİYARBAKIR","HANİ",13615,149,9405,43,72,2896
21,286,"DİYARBAKIR","HAZRO",7958,152,7140,25,56,378
21,945,"DİYARBAKIR","KAYAPINAR",151236,1620,118076,995,1199,22964
21,855,"DİYARBAKIR","KOCAKÖY",9109,42,8707,16,25,290
21,383,"DİYARBAKIR","KULP",17260,239,13148,73,114,3353
21,397,"DİYARBAKIR","LİCE",14890,93,14297,19,59,354
21,517,"DİYARBAKIR","SİLVAN",42364,339,37663,111,146,2414
21,946,"DİYARBAKIR","SUR",60693,311,49503,170,279,7304
21,986,"DİYARBAKIR","YENİŞEHİR",104216,2028,79675,596,1853,16277
81,16,"DÜZCE","AKÇAKOCA",24679,4910,673,962,4928,12560
81,677,"DÜZCE","CUMAYERİ",8485,1342,194,300,816,5653
81,798,"DÜZCE","ÇİLİMLİ",11294,1555,47,474,1019,7961
81,190,"DÜZCE","DÜZCE MERKEZ",129823,21142,3202,5924,21486,75032
81,687,"DÜZCE","GÖLYAKA",13247,1449,69,405,2815,8156
81,909,"DÜZCE","GÜMÜŞOVA",9684,1931,125,267,1379,5781
81,923,"DÜZCE","KAYNAŞLI",12864,1532,50,330,1597,8355
81,623,"DÜZCE","YIĞILCA",10016,847,47,199,1315,7240
22,193,"EDİRNE","EDİRNE MERKEZ",105355,17411,4153,1789,56276,24024
22,205,"EDİRNE","ENEZ",7976,889,548,86,4670,1608
22,282,"EDİRNE","HAVSA",14389,2358,272,361,7820,3233
22,309,"EDİRNE","İPSALA",19468,3709,163,227,9533,5362
22,358,"EDİRNE","KEŞAN",51912,7370,1101,519,27515,14161
22,395,"EDİRNE","LALAPAŞA",4861,867,48,98,2064,1615
22,416,"EDİRNE","MERİÇ",10280,1506,72,174,5516,2667
22,881,"EDİRNE","SÜLOĞLU",4653,788,44,87,2215,1407
22,598,"EDİRNE","UZUNKÖPRÜ",42900,6390,490,508,25195,9265
23,10,"ELAZIĞ","AĞIN",1839,426,37,68,390,879
23,766,"ELAZIĞ","ALACAKAYA",3830,357,877,169,120,2239
23,655,"ELAZIĞ","ARICAK",6925,217,2513,88,157,3846
23,72,"ELAZIĞ","BASKİL",8694,1583,274,150,353,6229
23,196,"ELAZIĞ","ELAZIĞ MERKEZ",236499,58247,29701,6965,17415,121289
23,333,"ELAZIĞ","KARAKOÇAN",15258,341,7669,579,361,5985
23,349,"ELAZIĞ","KEBAN",4303,720,280,122,432,2683
23,713,"ELAZIĞ","KOVANCILAR",19601,997,4653,576,408,12643
23,399,"ELAZIĞ","MADEN",6896,2029,901,87,606,3049
23,459,"ELAZIĞ","PALU",10032,477,1225,501,662,7009
23,524,"ELAZIĞ","SİVRİCE",5226,1159,386,121,343,3131
24,141,"ERZİNCAN","ÇAYIRLI",5790,610,410,113,1838,2762
24,216,"ERZİNCAN","ERZİNCAN MERKEZ",86496,15239,5277,1758,21671,41652
24,303,"ERZİNCAN","İLİÇ",4599,386,108,94,1039,2905
24,353,"ERZİNCAN","KEMAH",4844,430,279,104,1407,2537
24,354,"ERZİNCAN","KEMALİYE",3140,533,38,68,480,1918
24,870,"ERZİNCAN","OTLUKBELİ",1404,397,19,35,195,736
24,476,"ERZİNCAN","REFAHİYE",7028,1067,139,113,1692,3921
24,568,"ERZİNCAN","TERCAN",9463,1605,587,85,2843,4250
24,746,"ERZİNCAN","ÜZÜMLÜ",7052,1414,233,123,1978,3233
25,52,"ERZURUM","AŞKALE",13233,3519,277,302,684,8161
25,838,"ERZURUM","AZİZİYE",29608,8264,736,775,481,18989
25,133,"ERZURUM","ÇAT",8914,920,2797,93,469,4445
25,289,"ERZURUM","HINIS",12580,418,8324,133,718,2720
25,293,"ERZURUM","HORASAN",18567,2941,3251,246,222,11432
25,313,"ERZURUM","İSPİR",10459,1770,45,242,416,7756
25,705,"ERZURUM","KARAÇOBAN",10199,231,9038,60,39,713
25,339,"ERZURUM","KARAYAZI",14019,133,13502,50,47,258
25,860,"ERZURUM","KÖPRÜKÖY",7715,1097,3308,89,49,2994
25,433,"ERZURUM","NARMAN",7927,2168,60,249,396,4831
25,443,"ERZURUM","OLTU",17965,3167,469,645,600,12720
25,444,"ERZURUM","OLUR",4430,1261,34,106,188,2652
25,987,"ERZURUM","PALANDÖKEN",92792,30114,9870,2493,2134,47072
25,460,"ERZURUM","PASİNLER",15971,4997,1351,450,291,8587
25,758,"ERZURUM","PAZARYOLU",2953,332,3,110,61,2393
25,550,"ERZURUM","ŞENKAYA",10803,1540,2230,154,1619,4899
25,567,"ERZURUM","TEKMAN",12345,183,11182,80,137,684
25,576,"ERZURUM","TORTUM",11060,2056,28,278,223,8268
25,744,"ERZURUM","UZUNDERE",5264,1152,11,154,113,3713
25,988,"ERZURUM","YAKUTİYE",96241,28403,4960,2896,2181,56529
26,652,"ESKİŞEHİR","ALPU",7786,1096,81,93,2429,3902
26,670,"ESKİŞEHİR","BEYLİKOVA",4181,676,74,80,1692,1552
26,153,"ESKİŞEHİR","ÇİFTELER",9619,2044,381,239,2960,3772
26,827,"ESKİŞEHİR","GÜNYÜZÜ",4083,500,42,254,805,2410
26,832,"ESKİŞEHİR","HAN",1436,245,6,31,612,500
26,701,"ESKİŞEHİR","İNÖNÜ",5044,789,91,116,1494,2410
26,401,"ESKİŞEHİR","MAHMUDİYE",5067,884,611,91,1715,1627
26,866,"ESKİŞEHİR","MİHALGAZİ",2458,296,22,170,637,1270
26,420,"ESKİŞEHİR","MİHALIÇÇIK",5996,1137,43,172,2027,2456
26,989,"ESKİŞEHİR","ODUNPAZARI",242917,40385,8141,5681,100823,83176
26,492,"ESKİŞEHİR","SARICAKAYA",3637,557,50,91,741,2123
26,511,"ESKİŞEHİR","SEYİTGAZİ",10104,1209,111,196,4138,4185
26,525,"ESKİŞEHİR","SİVRİHİSAR",14254,3099,574,446,3881,5818
26,990,"ESKİŞEHİR","TEPEBAŞI",213067,36293,8697,4497,84214,75098
27,38,"GAZİANTEP","ARABAN",15581,1457,3147,339,2674,7589
27,312,"GAZİANTEP","İSLAHİYE",33887,4589,6529,493,3976,17587
27,849,"GAZİANTEP","KARKAMIŞ",5793,1372,314,82,1406,2568
27,439,"GAZİANTEP","NİZİP",66910,9526,9879,1895,10993,33630
27,867,"GAZİANTEP","NURDAĞI",19392,4006,1788,352,1299,11650
27,442,"GAZİANTEP","OĞUZELİ",15615,4548,295,204,2626,7599
27,734,"GAZİANTEP","ŞAHİNBEY",405524,79803,54950,7652,71930,185765
27,737,"GAZİANTEP","ŞEHİTKAMİL",337996,57638,60264,7110,52139,156024
27,613,"GAZİANTEP","YAVUZELİ",10706,891,1067,689,2006,5846
28,33,"GİRESUN","ALUCRA",5861,881,58,236,334,4213
28,111,"GİRESUN","BULANCAK",38917,5333,425,1221,9041,22126
28,786,"GİRESUN","ÇAMOLUK",4030,363,22,181,211,3128
28,787,"GİRESUN","ÇANAKÇI",3974,681,21,77,564,2480
28,170,"GİRESUN","DERELİ",12845,2188,57,198,1551,8368
28,805,"GİRESUN","DOĞANKENT",4032,827,30,76,474,2504
28,218,"GİRESUN","ESPİYE",19012,2851,158,466,4281,10765
28,222,"GİRESUN","EYNESİL",7943,1235,63,217,1963,4285
28,249,"GİRESUN","GİRESUN MERKEZ",77419,17807,1038,1862,22140,32858
28,258,"GİRESUN","GÖRELE",18751,3642,192,378,4703,9398
28,823,"GİRESUN","GÜCE",4807,465,20,107,641,3472
28,359,"GİRESUN","KEŞAP",13352,2347,81,298,2999,7200
28,730,"GİRESUN","PİRAZİZ",8601,1159,65,188,2493,4522
28,547,"GİRESUN","ŞEBİNKARAHİSAR",12596,2852,93,332,1375,7622
28,571,"GİRESUN","TİREBOLU",19046,4086,207,361,3751,10197
28,747,"GİRESUN","YAĞLIDERE",9704,1639,49,192,764,6726
29,266,"GÜMÜŞHANE","GÜMÜŞHANE MERKEZ",28207,10220,644,880,1513,14454
29,352,"GÜMÜŞHANE","KELKİT",18484,4726,208,527,760,11924
29,715,"GÜMÜŞHANE","KÖSE",3553,982,20,83,26,2363
29,864,"GÜMÜŞHANE","KÜRTÜN",7020,1875,58,122,241,4528
29,553,"GÜMÜŞHANE","ŞİRAN",9251,2769,103,407,806,4916
29,577,"GÜMÜŞHANE","TORUL",6660,2439,48,137,376,3478
30,159,"HAKKARİ","ÇUKURCA",6425,475,5243,40,193,451
30,274,"HAKKARİ","HAKKARİ MERKEZ",43603,1147,38713,175,519,2713
30,549,"HAKKARİ","ŞEMDİNLİ",29098,1019,19560,136,333,7189
30,630,"HAKKARİ","YÜKSEKOVA",63136,935,59347,127,407,2136
31,31,"HATAY","ALTINÖZÜ",28704,2346,397,282,4852,20185
31,1031,"HATAY","ANTAKYA",189343,23412,6504,3110,61616,90703
31,1033,"HATAY","ARSUZ",47691,2936,2077,284,32306,8880
31,780,"HATAY","BELEN",18412,4680,337,458,4123,8540
31,1032,"HATAY","DEFNE",82464,1127,9884,292,63587,3469
31,187,"HATAY","DÖRTYOL",65367,20048,7051,1392,12708,23099
31,685,"HATAY","ERZİN",23597,7230,3574,406,5662,6369
31,279,"HATAY","HASSA",26923,5377,463,1139,2858,16559
31,310,"HATAY","İSKENDERUN",141636,24969,11183,2481,51014,49946
31,362,"HATAY","KIRIKHAN",57169,8590,1821,1073,10105,34793
31,863,"HATAY","KUMLU",6395,1318,81,139,1440,3328
31,1034,"HATAY","PAYAS",22849,5487,2020,871,5006,9082
31,478,"HATAY","REYHANLI",38829,5285,959,1109,6195,24454
31,484,"HATAY","SAMANDAĞ",62451,999,7783,162,36324,3557
31,614,"HATAY","YAYLADAĞI",15524,2180,129,227,2824,9786
34,3,"İSTANBUL","ADALAR",9837,878,2085,63,4222,2281
34,964,"İSTANBUL","ATAŞEHİR",246928,24194,25680,4612,90707,92477
34,84,"İSTANBUL","BEYKOZ",150633,18154,9189,5579,42592,69501
34,967,"İSTANBUL","ÇEKMEKÖY",124635,13423,13733,2835,34355,55373
34,316,"İSTANBUL","KADIKÖY",331088,27570,34146,2559,193488,60690
34,344,"İSTANBUL","KARTAL",279911,32161,27810,5181,97717,105632
34,904,"İSTANBUL","MALTEPE",295352,30852,25449,4159,121046,101122
34,728,"İSTANBUL","PENDİK",378106,47534,30555,11380,89888,182817
34,969,"İSTANBUL","SANCAKTEPE",185217,14714,36451,3774,46419,78233
34,906,"İSTANBUL","SULTANBEYLİ",165660,12761,34403,5343,12889,94408
34,552,"İSTANBUL","ŞİLE",20912,3540,1143,371,5580,9364
34,907,"İSTANBUL","TUZLA",124853,16684,13776,3349,32124,53877
34,745,"İSTANBUL","ÜMRANİYE",390206,41275,38948,9333,95183,187123
34,601,"İSTANBUL","ÜSKÜDAR",332423,36251,27075,6776,106080,139122
34,779,"İSTANBUL","BAYRAMPAŞA",159410,23722,7983,4135,44316,72697
34,82,"İSTANBUL","BEŞİKTAŞ",121009,10637,15985,841,70995,18458
34,85,"İSTANBUL","BEYOĞLU",137231,12923,22866,3830,34184,59129
34,908,"İSTANBUL","ESENLER",250762,28441,32983,7660,35139,138445
34,223,"İSTANBUL","EYÜP",215684,25452,19307,5732,68595,88900
34,225,"İSTANBUL","FATİH",235248,25122,28547,6703,61515,104219
34,233,"İSTANBUL","GAZİOSMANPAŞA",278232,32192,31846,7700,63581,132323
34,703,"İSTANBUL","KAĞITHANE",249513,33033,24383,7679,60694,114567
34,497,"İSTANBUL","SARIYER",197408,23483,17709,3517,75836,69155
34,970,"İSTANBUL","SULTANGAZİ",275360,21201,46569,7472,51646,140601
34,556,"İSTANBUL","ŞİŞLİ",164007,15676,26373,1852,74721,39659
34,632,"İSTANBUL","ZEYTİNBURNU",157718,22971,26031,3008,34374,65862
34,963,"İSTANBUL","ARNAVUTKÖY",115293,13809,20931,2947,14497,58597
34,895,"İSTANBUL","AVCILAR",236437,25676,29524,3326,88328,79581
34,896,"İSTANBUL","BAĞCILAR",410193,44039,69301,10602,65577,205170
34,897,"İSTANBUL","BAHÇELİEVLER",349619,39478,47621,7006,89967,149492
34,65,"İSTANBUL","BAKIRKÖY",140735,15566,17311,1155,72049,27879
34,965,"İSTANBUL","BAŞAKŞEHİR",184454,17768,27693,4234,40553,83790
34,966,"İSTANBUL","BEYLİKDÜZÜ",154576,18252,13574,1911,57363,54927
34,675,"İSTANBUL","BÜYÜKÇEKMECE",126226,15108,9818,1460,46489,47812
34,135,"İSTANBUL","ÇATALCA",41973,6406,1403,545,18231,13864
34,968,"İSTANBUL","ESENYURT",363522,35903,82197,5443,93147,133917
34,902,"İSTANBUL","GÜNGÖREN",177474,20704,22246,4054,40722,81555
34,716,"İSTANBUL","KÜÇÜKÇEKMECE",424776,58612,58588,8268,129854,151325
34,515,"İSTANBUL","SİLİVRİ",87965,11976,6717,1258,34948,28989
35,898,"İZMİR","BALÇOVA",51964,5974,4557,340,28903,10196
35,673,"İZMİR","BUCA",285716,39956,33864,2705,114098,81340
35,149,"İZMİR","ÇEŞME",25037,3208,1977,150,14011,5009
35,901,"İZMİR","GAZİEMİR",82570,13986,7968,768,33689,21931
35,910,"İZMİR","GÜZELBAHÇE",17883,2083,1132,113,10759,2992
35,961,"İZMİR","KARABAĞLAR",301842,37535,35515,3525,120894,90009
35,327,"İZMİR","KARABURUN",6725,612,369,48,3875,1596
35,712,"İZMİR","KONAK",242535,23562,31793,2230,120980,55492
35,719,"İZMİR","MENDERES",52121,7736,3177,504,22630,16173
35,905,"İZMİR","NARLIDERE",42577,3671,6178,186,25757,5445
35,504,"İZMİR","SEFERİHİSAR",22559,3194,1800,148,10839,5722
35,505,"İZMİR","SELÇUK",23463,4081,2249,154,11088,5147
35,575,"İZMİR","TORBALI",92599,14693,14070,1054,32271,26912
35,596,"İZMİR","URLA",38804,4604,2687,228,22477,7245
35,28,"İZMİR","ALİAĞA",50216,9876,5363,748,18643,14729
35,77,"İZMİR","BAYINDIR",26490,3069,2163,236,11555,8864
35,962,"İZMİR","BAYRAKLI",201069,28904,25849,3168,81164,58120
35,80,"İZMİR","BERGAMA",68643,11469,2406,924,29340,22696
35,669,"İZMİR","BEYDAĞ",8481,1184,55,88,4374,2388
35,102,"İZMİR","BORNOVA",274382,43073,28773,3214,121393,72103
35,899,"İZMİR","ÇİĞLİ",117101,18138,12630,1145,56635,26521
35,178,"İZMİR","DİKİLİ",28987,3661,2053,275,17047,5257
35,232,"İZMİR","FOÇA",16661,2645,1208,153,9274,2891
35,343,"İZMİR","KARŞIYAKA",229020,24399,18048,1620,145355,33467
35,355,"İZMİR","KEMALPAŞA",62593,9979,3311,1876,22468,23674
35,361,"İZMİR","KINIK",18246,2261,1138,269,8603,5452
35,371,"İZMİR","KİRAZ",27181,3582,202,464,10079,11443
35,414,"İZMİR","MENEMEN",91229,15169,18568,946,32655,22292
35,456,"İZMİR","ÖDEMİŞ",85802,10038,1446,876,39021,32198
35,570,"İZMİR","TİRE",53331,10543,1918,651,21919,16757
76,41,"IĞDIR","ARALIK",10275,1559,6494,39,542,1489
76,295,"IĞDIR","IĞDIR MERKEZ",65583,19747,35877,347,2045,6831
76,903,"IĞDIR","KARAKOYUNLU",7340,2394,3900,25,279,660
76,585,"IĞDIR","TUZLUCA",11626,1986,7505,68,543,1310
32,648,"ISPARTA","AKSU",3349,540,31,41,1102,1483
32,53,"ISPARTA","ATABEY",3773,901,75,90,783,1846
32,195,"ISPARTA","EĞİRDİR",20554,6369,251,355,4048,8922
32,238,"ISPARTA","GELENDOST",10336,2907,57,239,3263,3588
32,822,"ISPARTA","GÖNEN",5199,1098,130,76,1915,1881
32,298,"ISPARTA","ISPARTA MERKEZ",140766,38778,3463,4273,29939,62144
32,350,"ISPARTA","KEÇİBORLU",9841,2523,61,183,2735,4074
32,508,"ISPARTA","SENİRKENT",7820,2686,65,100,1642,3152
32,541,"ISPARTA","SÜTÇÜLER",7386,1114,49,131,711,5028
32,544,"ISPARTA","ŞARKİKARAAĞAÇ",16329,4927,115,628,3099,7156
32,592,"ISPARTA","ULUBORLU",4445,1363,134,101,996,1761
32,610,"ISPARTA","YALVAÇ",27652,6474,204,707,6963,12611
32,893,"ISPARTA","YENİŞARBADEMLİ",1509,415,3,17,415,633
46,7,"KAHRAMANMARAŞ","AFŞİN",42116,13147,1611,1893,3470,21311
46,36,"KAHRAMANMARAŞ","ANDIRIN",20665,5301,159,419,3513,10486
46,1027,"KAHRAMANMARAŞ","ÇAĞLAYANCERİT",12363,3449,1183,319,1092,5953
46,1045,"KAHRAMANMARAŞ","DULKADİROĞLU",115450,15528,4815,4113,6575,82612
46,812,"KAHRAMANMARAŞ","EKİNÖZÜ",6898,1657,763,160,544,3653
46,197,"KAHRAMANMARAŞ","ELBİSTAN",72632,18551,6526,2898,7949,35772
46,250,"KAHRAMANMARAŞ","GÖKSUN",27811,7432,569,770,2566,15844
46,868,"KAHRAMANMARAŞ","NURHAK",6813,1055,1151,244,2423,1759
46,1046,"KAHRAMANMARAŞ","ONİKİŞUBAT",201645,38044,3628,8261,9370,139394
46,463,"KAHRAMANMARAŞ","PAZARCIK",36449,4214,8286,400,8446,14316
46,587,"KAHRAMANMARAŞ","TÜRKOĞLU",35022,6852,927,1606,3141,21745
78,194,"KARABÜK","EFLANİ",5506,1194,30,188,691,3151
78,219,"KARABÜK","ESKİPAZAR",8201,2032,35,369,822,4661
78,328,"KARABÜK","KARABÜK MERKEZ",74949,22581,955,2632,11145,36022
78,454,"KARABÜK","OVACIK",2311,518,13,45,337,1289
78,480,"KARABÜK","SAFRANBOLU",35707,10173,454,1066,7160,15760
78,749,"KARABÜK","YENİCE",14211,2381,64,397,4121,6625
70,661,"KARAMAN","AYRANCI",5523,1269,29,84,1163,2822
70,777,"KARAMAN","BAŞYAYLA",2280,446,6,38,119,1576
70,214,"KARAMAN","ERMENEK",17834,4834,110,342,3689,8160
70,334,"KARAMAN","KARAMAN MERKEZ",108713,23749,1455,3452,15703,62607
70,755,"KARAMAN","KAZIMKARABEKİR",2829,1175,31,30,171,1380
70,876,"KARAMAN","SARIVELİLER",6838,1359,59,90,1499,3467
36,649,"KARS","AKYAKA",5313,1398,445,33,1578,1618
36,48,"KARS","ARPAÇAY",9668,2126,1626,69,2163,3440
36,177,"KARS","DİGOR",11974,197,10758,39,86,779
36,319,"KARS","KAĞIZMAN",23086,2355,14972,121,587,4668
36,342,"KARS","KARS MERKEZ",57392,10241,21258,525,9765,14206
36,494,"KARS","SARIKAMIŞ",20393,2712,7487,305,1180,8133
36,507,"KARS","SELİM",12129,1046,4776,139,1105,4536
36,538,"KARS","SUSUZ",6083,404,2902,45,1009,1556
37,1,"KASTAMONU","ABANA",2675,405,21,46,745,1400
37,760,"KASTAMONU","AĞLI",1904,494,6,29,234,1051
37,39,"KASTAMONU","ARAÇ",12503,2717,68,250,2510,6355
37,61,"KASTAMONU","AZDAVAY",4740,1133,29,86,1340,1884
37,107,"KASTAMONU","BOZKURT",5991,1357,26,107,697,3567
37,119,"KASTAMONU","CİDE",12678,2220,78,200,3118,6466
37,136,"KASTAMONU","ÇATALZEYTİN",4193,652,46,90,692,2529
37,162,"KASTAMONU","DADAY",6201,1399,46,106,2076,2353
37,175,"KASTAMONU","DEVREKANİ",8223,2470,34,122,1185,4113
37,808,"KASTAMONU","DOĞANYURT",3418,628,23,45,618,1871
37,833,"KASTAMONU","HANÖNÜ",2699,666,9,25,774,1076
37,698,"KASTAMONU","İHSANGAZİ",3868,1139,34,66,377,2079
37,307,"KASTAMONU","İNEBOLU",12846,2511,80,201,2232,7201
37,345,"KASTAMONU","KASTAMONU MERKEZ",82158,26682,694,1198,18056,33978
37,392,"KASTAMONU","KÜRE",3835,891,27,48,741,1930
37,729,"KASTAMONU","PINARBAŞI",3580,628,21,107,727,1869
37,877,"KASTAMONU","SEYDİLER",2599,717,9,50,472,1262
37,738,"KASTAMONU","ŞENPAZAR",2883,660,21,44,378,1600
37,559,"KASTAMONU","TAŞKÖPRÜ",25327,8637,101,234,3585,12088
37,578,"KASTAMONU","TOSYA",27217,6516,132,560,2183,17126
38,645,"KAYSERİ","AKKIŞLA",3917,1308,34,67,881,1544
38,116,"KAYSERİ","BÜNYAN",16989,6215,108,483,1725,8212
38,173,"KAYSERİ","DEVELİ",36846,9978,303,1034,3396,21600
38,228,"KAYSERİ","FELAHİYE",3644,1146,12,62,755,1623
38,829,"KAYSERİ","HACILAR",7950,1529,39,136,396,5761
38,306,"KAYSERİ","İNCESU",14201,3957,797,383,1457,7357
38,756,"KAYSERİ","KOCASİNAN",228605,62236,6653,7814,29311,118336
38,757,"KAYSERİ","MELİKGAZİ",315656,86838,6825,10571,36811,169329
38,871,"KAYSERİ","ÖZVATAN",2642,903,12,42,320,1316
38,469,"KAYSERİ","PINARBAŞI",14373,4513,384,191,2792,5018
38,496,"KAYSERİ","SARIOĞLAN",8882,2243,89,248,1890,4245
38,498,"KAYSERİ","SARIZ",6310,1700,679,117,1480,2243
38,739,"KAYSERİ","TALAS",75123,24227,1704,2077,10945,34571
38,573,"KAYSERİ","TOMARZA",13905,3963,79,394,1831,7415
38,608,"KAYSERİ","YAHYALI",21857,4153,120,568,1120,15573
38,620,"KAYSERİ","YEŞİLHİSAR",10356,2383,107,264,2000,5433
79,915,"KİLİS","ELBEYLİ",3078,953,86,23,490,1480
79,370,"KİLİS","KİLİS MERKEZ",53142,20364,1989,664,3778,25066
79,916,"KİLİS","MUSABEYLİ",6697,1287,280,163,627,4135
79,917,"KİLİS","POLATELİ",2678,755,62,32,146,1590
71,773,"KIRIKKALE","BAHŞİLİ",4370,1032,52,118,566,2493
71,775,"KIRIKKALE","BALIŞEYH",3922,1084,129,95,745,1770
71,794,"KIRIKKALE","ÇELEBİ",1526,431,17,31,130,890
71,166,"KIRIKKALE","DELİCE",5787,1089,101,59,1291,3141
71,847,"KIRIKKALE","KARAKEÇİLİ",2202,636,4,50,125,1356
71,357,"KIRIKKALE","KESKİN",10446,2555,55,143,1304,6195
71,363,"KIRIKKALE","KIRIKKALE MERKEZ",118866,35776,1380,2976,17639,59339
71,531,"KIRIKKALE","SULAKYURT",4576,1067,54,45,1407,1917
71,885,"KIRIKKALE","YAHŞİHAN",9671,2925,220,262,1512,4596
39,62,"KIRKLARELİ","BABAESKİ",34307,6585,628,259,19333,6706
39,168,"KIRKLARELİ","DEMİRKÖY",5454,1166,198,71,1927,1898
39,365,"KIRKLARELİ","KIRKLARELİ MERKEZ",58234,15774,1551,520,24324,14799
39,374,"KIRKLARELİ","KOFÇAZ",1960,349,16,16,937,559
39,398,"KIRKLARELİ","LÜLEBURGAZ",95480,17854,2510,828,51553,21169
39,465,"KIRKLARELİ","PEHLİVANKÖY",2954,721,25,20,1442,652
39,470,"KIRKLARELİ","PINARHİSAR",13098,2911,222,122,6222,3236
39,607,"KIRKLARELİ","VİZE",19602,4100,165,203,10160,4327
40,762,"KIRŞEHİR","AKÇAKENT",2648,696,29,53,224,1582
40,647,"KIRŞEHİR","AKPINAR",4929,1283,70,62,1181,2178
40,783,"KIRŞEHİR","BOZTEPE",3752,573,1034,24,832,1231
40,152,"KIRŞEHİR","ÇİÇEKDAĞI",9242,2802,481,159,872,4763
40,324,"KIRŞEHİR","KAMAN",21197,6934,421,230,5088,8093
40,366,"KIRŞEHİR","KIRŞEHİR MERKEZ",79435,27015,5824,1005,15353,29294
40,422,"KIRŞEHİR","MUCUR",11842,3479,224,171,2201,5575
41,995,"KOCAELİ","BAŞİSKELE",49651,6937,1649,3589,7644,29132
41,996,"KOCAELİ","ÇAYIROVA",64536,8885,6074,3120,13759,31828
41,997,"KOCAELİ","DARICA",103610,16275,12824,3783,20483,48859
41,922,"KOCAELİ","DERİNCE",84313,14905,5618,3751,22671,36137
41,998,"KOCAELİ","DİLOVASI",24728,2502,9762,516,1619,9923
41,235,"KOCAELİ","GEBZE",204489,32294,14398,9894,44356,100384
41,252,"KOCAELİ","GÖLCÜK",92586,14155,3226,4933,27121,41742
41,999,"KOCAELİ","İZMİT",210599,31210,9291,11503,68315,86540
41,325,"KOCAELİ","KANDIRA",30222,4270,322,983,7432,16095
41,335,"KOCAELİ","KARAMÜRSEL",34099,5319,969,2266,8985,15942
41,1000,"KOCAELİ","KARTEPE",64516,9320,2682,3209,14331,34024
41,714,"KOCAELİ","KÖRFEZ",88798,15359,10457,4683,19872,37027
42,761,"KONYA","AHIRLI",2769,525,16,68,291,1798
42,646,"KONYA","AKÖREN",3631,623,11,67,281,2592
42,22,"KONYA","AKŞEHİR",57155,14579,813,863,11697,28148
42,653,"KONYA","ALTINEKİN",8741,740,39,268,516,7099
42,87,"KONYA","BEYŞEHİR",43007,15112,192,1089,2298,23715
42,106,"KONYA","BOZKIR",15923,2819,70,522,1528,10602
42,120,"KONYA","CİHANBEYLİ",28994,2594,10246,329,2214,13141
42,795,"KONYA","ÇELTİK",5786,1281,108,85,615,3606
42,160,"KONYA","ÇUMRA",39041,6941,291,1038,2041,28249
42,800,"KONYA","DERBENT",2895,421,13,57,654,1686
42,682,"KONYA","DEREBUCAK",4193,1165,5,55,260,2621
42,183,"KONYA","DOĞANHİSAR",11417,2319,58,313,1975,6288
42,813,"KONYA","EMİRGAZİ",4339,783,37,67,688,2693
42,210,"KONYA","EREĞLİ",80857,20289,3024,1101,19437,35883
42,826,"KONYA","GÜNEYSINIR",6145,626,13,184,172,5087
42,272,"KONYA","HADİM",7929,1164,50,192,680,5672
42,830,"KONYA","HALKAPINAR",2805,586,11,31,300,1801
42,697,"KONYA","HÜYÜK",10630,2642,49,242,1596,5909
42,297,"KONYA","ILGIN",34276,7322,273,864,5099,20090
42,317,"KONYA","KADINHANI",19148,2314,162,676,1513,14225
42,336,"KONYA","KARAPINAR",26628,4262,122,620,4428,16701
42,707,"KONYA","KARATAY",164499,15036,7433,5754,6436,128347
42,384,"KONYA","KULU",24977,2180,7012,477,1218,13692
42,720,"KONYA","MERAM",198820,23789,3640,6847,13190,149536
42,491,"KONYA","SARAYÖNÜ",16234,2013,299,891,1125,11731
42,732,"KONYA","SELÇUKLU",336299,56085,15227,11519,27645,222655
42,510,"KONYA","SEYDİŞEHİR",40099,8412,291,1695,8559,20306
42,741,"KONYA","TAŞKENT",4145,664,13,142,239,3013
42,883,"KONYA","TUZLUKÇU",4265,850,31,53,1162,2098
42,887,"KONYA","YALIHÜYÜK",1079,233,6,25,77,724
42,628,"KONYA","YUNAK",12705,1938,944,228,807,8587
43,32,"KÜTAHYA","ALTINTAŞ",11014,2559,73,702,1445,5946
43,657,"KÜTAHYA","ASLANAPA",7094,1436,27,211,354,4925
43,791,"KÜTAHYA","ÇAVDARHİSAR",5025,1116,23,179,722,2758
43,186,"KÜTAHYA","DOMANİÇ",10772,2643,77,638,1544,5631
43,683,"KÜTAHYA","DUMLUPINAR",1998,448,7,38,365,1088
43,202,"KÜTAHYA","EMET",14390,3566,86,850,1605,7943
43,236,"KÜTAHYA","GEDİZ",34111,10104,166,664,3490,18762
43,695,"KÜTAHYA","HİSARCIK",8833,2152,80,272,1187,4916
43,393,"KÜTAHYA","KÜTAHYA MERKEZ",154233,41534,1798,5533,20603,82337
43,872,"KÜTAHYA","PAZARLAR",3498,777,20,93,375,2125
43,518,"KÜTAHYA","SİMAV",42102,11710,188,737,4667,23578
43,736,"KÜTAHYA","ŞAPHANE",4773,1108,55,121,768,2543
43,564,"KÜTAHYA","TAVŞANLI",68564,19704,592,3143,6345,37593
44,14,"MALATYA","AKÇADAĞ",18188,1807,3177,122,3363,7071
44,42,"MALATYA","ARAPGİR",6566,875,299,110,2094,3069
44,47,"MALATYA","ARGUVAN",5570,125,1252,37,3205,863
44,665,"MALATYA","BATTALGAZİ",167873,17176,11437,3374,20005,111139
44,163,"MALATYA","DARENDE",15403,2270,518,486,1342,10520
44,184,"MALATYA","DOĞANŞEHİR",23361,3813,3363,468,5056,10113
44,807,"MALATYA","DOĞANYOL",2321,286,103,96,283,1506
44,287,"MALATYA","HEKİMHAN",13066,1707,492,152,5936,4564
44,846,"MALATYA","KALE",3997,135,88,58,223,3371
44,862,"MALATYA","KULUNCAK",4909,696,170,64,1301,2579
44,475,"MALATYA","PÜTÜRGE",8794,373,566,241,716,6744
44,888,"MALATYA","YAZIHAN",8124,451,1306,125,1697,4298
44,622,"MALATYA","YEŞİLYURT",160896,20357,11867,2719,27669,91622
45,644,"MANİSA","AHMETLİ",10924,2830,627,111,2766,4409
45,18,"MANİSA","AKHİSAR",109765,23325,3526,1720,39889,39021
45,27,"MANİSA","ALAŞEHİR",64395,15224,3221,893,21453,21557
45,167,"MANİSA","DEMİRCİ",26830,7022,229,730,3382,14862
45,686,"MANİSA","GÖLMARMARA",9827,1879,2023,63,2823,2873
45,259,"MANİSA","GÖRDES",20354,5799,188,319,3077,10387
45,364,"MANİSA","KIRKAĞAÇ",25796,5099,313,676,5084,14066
45,858,"MANİSA","KÖPRÜBAŞI",9515,2999,101,103,1861,4232
45,382,"MANİSA","KULA",30573,7950,360,351,7864,13269
45,483,"MANİSA","SALİHLİ",104917,25451,7539,910,39947,29028
45,493,"MANİSA","SARIGÖL",25234,7038,763,228,9076,7326
45,499,"MANİSA","SARUHANLI",37190,8254,2768,353,13052,12121
45,506,"MANİSA","SELENDİ",14114,3402,94,123,3065,7061
45,527,"MANİSA","SOMA",68287,17344,1840,1932,18753,27224
45,1037,"MANİSA","ŞEHZADELER",105420,26008,10401,1215,27974,38257
45,582,"MANİSA","TURGUTLU",94959,18624,11434,1535,27862,34053
45,1038,"MANİSA","YUNUSEMRE",129193,32644,14077,1900,31345,47181
47,1040,"MARDİN","ARTUKLU",75277,1561,38445,797,1775,25428
47,680,"MARDİN","DARGEÇİT",12419,176,10067,59,83,1571
47,171,"MARDİN","DERİK",31088,136,27392,50,99,2400
47,368,"MARDİN","KIZILTEPE",119006,677,102787,284,694,11447
47,412,"MARDİN","MAZIDAĞI",15766,123,13470,53,83,1380
47,419,"MARDİN","MİDYAT",43135,749,20720,382,503,17571
47,440,"MARDİN","NUSAYBİN",54932,440,49669,154,204,3586
47,457,"MARDİN","ÖMERLİ",6891,111,3728,43,132,2436
47,502,"MARDİN","SAVUR",12401,152,8002,70,125,3157
47,894,"MARDİN","YEŞİLLİ",6798,63,2383,52,36,3637
33,991,"MERSİN","AKDENİZ",153269,19838,56528,1240,40175,33707
33,35,"MERSİN","ANAMUR",41243,13596,630,569,12316,13295
33,659,"MERSİN","AYDINCIK",6970,2675,52,61,1819,2222
33,672,"MERSİN","BOZYAZI",16639,6157,175,188,3139,6612
33,785,"MERSİN","ÇAMLIYAYLA",5926,2507,52,64,977,2163
33,209,"MERSİN","ERDEMLİ",80824,24042,3378,1353,15840,34899
33,263,"MERSİN","GÜLNAR",16881,5926,102,205,5074,5229
33,992,"MERSİN","MEZİTLİ",101511,22327,14863,898,40657,21272
33,429,"MERSİN","MUT",37577,10802,361,696,10340,14604
33,514,"MERSİN","SİLİFKE",73047,23783,1432,668,24999,20695
33,558,"MERSİN","TARSUS",191363,60186,35108,1503,51819,39925
33,993,"MERSİN","TOROSLAR",162430,38489,40527,2041,34107,45323
33,994,"MERSİN","YENİŞEHİR",142097,25279,30219,1115,56937,26743
48,96,"MUĞLA","BODRUM",94426,14154,9169,540,53051,15295
48,635,"MUĞLA","DALAMAN",21985,5237,675,201,8188,7146
48,164,"MUĞLA","DATÇA",13224,2255,1145,54,6719,2464
48,229,"MUĞLA","FETHİYE",87111,18068,2928,947,35079,27873
48,851,"MUĞLA","KAVAKLIDERE",6994,1781,58,91,1754,3044
48,381,"MUĞLA","KÖYCEĞİZ",21109,2983,528,183,9226,7398
48,410,"MUĞLA","MARMARİS",51028,8479,3583,305,26460,10895
48,1053,"MUĞLA","MENTEŞE",67022,12408,3279,529,32600,16033
48,421,"MUĞLA","MİLAS",87798,18566,4615,656,40347,20633
48,724,"MUĞLA","ORTACA",28632,6545,1021,263,12501,7631
48,1054,"MUĞLA","SEYDİKEMER",35765,6473,378,455,10463,16713
48,588,"MUĞLA","ULA",16385,2484,540,135,7843,4678
48,612,"MUĞLA","YATAĞAN",30660,6747,638,296,13122,8645
49,112,"MUŞ","BULANIK",39157,843,36020,120,359,1673
49,694,"MUŞ","HASKÖY",13323,95,4126,126,96,8789
49,857,"MUŞ","KORKUT",12338,61,10232,48,26,1909
49,403,"MUŞ","MALAZGİRT",25004,259,23034,107,166,1306
49,427,"MUŞ","MUŞ MERKEZ",85622,2198,47753,1044,973,32884
49,604,"MUŞ","VARTO",17680,149,16540,39,489,368
50,642,"NEVŞEHİR","ACIGÖL",10698,1455,20,215,546,8229
50,54,"NEVŞEHİR","AVANOS",20918,5929,430,295,5602,8291
50,172,"NEVŞEHİR","DERİNKUYU",11389,2303,43,315,2451,6088
50,264,"NEVŞEHİR","GÜLŞEHİR",13636,4229,89,146,1923,6927
50,271,"NEVŞEHİR","HACIBEKTAŞ",8012,1426,339,74,3874,2106
50,378,"NEVŞEHİR","KOZAKLI",8950,3517,92,111,1782,3269
50,436,"NEVŞEHİR","NEVŞEHİR MERKEZ",76556,22959,1080,1576,5357,44530
50,600,"NEVŞEHİR","ÜRGÜP",22853,6134,274,387,4299,11355
51,769,"NİĞDE","ALTUNHİSAR",6452,1075,31,132,1062,3977
51,100,"NİĞDE","BOR",36575,10265,291,624,7075,17801
51,123,"NİĞDE","ÇAMARDI",7581,1485,36,112,1245,4473
51,797,"NİĞDE","ÇİFTLİK",13017,3794,46,173,2792,5928
51,437,"NİĞDE","NİĞDE MERKEZ",113156,29091,1623,3302,24550,53075
51,593,"NİĞDE","ULUKIŞLA",13366,2934,190,187,3948,5776
52,19,"ORDU","AKKUŞ",12599,1623,97,198,2307,7603
52,1036,"ORDU","ALTINORDU",118404,14735,1164,2024,48136,50452
52,57,"ORDU","AYBASTI",11885,1555,111,278,2235,7224
52,784,"ORDU","ÇAMAŞ",5435,826,24,129,1123,3181
52,790,"ORDU","ÇATALPINAR",7292,831,21,158,693,5391
52,793,"ORDU","ÇAYBAŞI",7073,1058,27,128,663,4936
52,226,"ORDU","FATSA",59960,8267,675,1363,17778,30686
52,255,"ORDU","GÖLKÖY",15893,3124,109,195,4565,7366
52,688,"ORDU","GÜLYALI",5811,591,44,74,2372,2616
52,690,"ORDU","GÜRGENTEPE",9043,1006,63,76,3930,3740
52,840,"ORDU","İKİZCE",8761,1492,53,238,1631,5051
52,843,"ORDU","KABADÜZ",4964,659,22,63,1040,3039
52,844,"ORDU","KABATAŞ",6122,1653,48,99,751,3360
52,375,"ORDU","KORGAN",16165,1355,85,976,1777,11339
52,386,"ORDU","KUMRU",16664,2009,73,347,1623,12072
52,418,"ORDU","MESUDİYE",8905,842,43,140,2400,5243
52,466,"ORDU","PERŞEMBE",20497,3177,125,199,7596,8861
52,589,"ORDU","ULUBEY",12264,1192,66,138,3834,6681
52,599,"ORDU","ÜNYE",69490,7915,538,2871,14409,42328
80,64,"OSMANİYE","BAHÇE",12286,4952,103,109,821,6042
80,636,"OSMANİYE","DÜZİÇİ",42713,16972,371,397,9431,14843
80,919,"OSMANİYE","HASANBEYLİ",2669,1209,26,40,312,1021
80,318,"OSMANİYE","KADİRLİ",69940,25832,807,707,10984,30286
80,453,"OSMANİYE","OSMANİYE MERKEZ",134222,57310,8705,2356,13510,50616
80,920,"OSMANİYE","SUMBAS",8738,4028,52,68,1422,2979
80,921,"OSMANİYE","TOPRAKKALE",8845,4583,379,97,804,2906
53,45,"RİZE","ARDEŞEN",23200,2394,283,1120,5348,13587
53,126,"RİZE","ÇAMLIHEMŞİN",3937,315,73,51,738,2647
53,139,"RİZE","ÇAYELİ",25890,3241,161,688,2552,18917
53,801,"RİZE","DEREPAZARI",4924,270,16,288,754,3529
53,230,"RİZE","FINDIKLI",9840,962,339,135,4037,4123
53,689,"RİZE","GÜNEYSU",9699,453,26,176,670,8240
53,836,"RİZE","HEMŞİN",1552,138,16,8,413,894
53,302,"RİZE","İKİZDERE",3992,283,18,120,423,3068
53,842,"RİZE","İYİDERE",5579,278,34,217,709,4272
53,323,"RİZE","KALKANDERE",7333,476,32,270,1085,5346
53,462,"RİZE","PAZAR",18754,2070,295,335,5008,10610
53,479,"RİZE","RİZE MERKEZ",81664,4979,904,3388,15355,55895
54,1004,"SAKARYA","ADAPAZARI",160258,33047,5281,5746,30280,83581
54,23,"SAKARYA","AKYAZI",53198,9217,397,2348,4623,35848
54,1005,"SAKARYA","ARİFİYE",24077,3829,1440,972,2735,14743
54,1006,"SAKARYA","ERENLER",48900,8175,1329,2045,5729,30985
54,818,"SAKARYA","FERİZLİ",14927,2916,101,342,2347,8944
54,248,"SAKARYA","GEYVE",29922,6769,582,1775,4490,15689
54,288,"SAKARYA","HENDEK",46669,11124,861,1176,5993,26661
54,848,"SAKARYA","KARAPÜRÇEK",7595,1125,167,553,829,4813
54,337,"SAKARYA","KARASU",35205,5477,728,1042,7045,20407
54,348,"SAKARYA","KAYNARCA",14828,2523,95,531,1800,9589
54,711,"SAKARYA","KOCAALİ",13959,2227,148,835,2088,8433
54,726,"SAKARYA","PAMUKOVA",17695,3249,138,1034,3347,9654
54,488,"SAKARYA","SAPANCA",24899,4227,946,1159,5278,12798
54,1007,"SAKARYA","SERDİVAN",65561,14687,2399,2387,11378,33834
54,879,"SAKARYA","SÖĞÜTLÜ",9480,1688,59,200,2153,5237
54,740,"SAKARYA","TARAKLI",4451,790,13,288,559,2690
55,25,"SAMSUN","ALAÇAM",17060,3237,173,235,5233,7562
55,656,"SAMSUN","ASARCIK",9068,1666,34,173,694,6232
55,1001,"SAMSUN","ATAKUM",92788,18572,2484,2193,31536,36627
55,772,"SAMSUN","AYVACIK",11411,1460,36,129,810,8655
55,63,"SAMSUN","BAFRA",88037,20782,840,2028,17745,44829
55,1002,"SAMSUN","CANİK",54178,8091,400,1662,9687,33455
55,132,"SAMSUN","ÇARŞAMBA",78750,12101,515,2851,13098,48566
55,283,"SAMSUN","HAVZA",25751,5119,282,578,5629,13568
55,1003,"SAMSUN","İLKADIM",193606,34566,2999,6145,57202,89717
55,347,"SAMSUN","KAVAK",13032,3028,69,340,2164,6978
55,394,"SAMSUN","LADİK",11289,2138,50,310,2360,6104
55,731,"SAMSUN","SALIPAZARI",11633,1758,50,222,1596,7663
55,742,"SAMSUN","TEKKEKÖY",30555,3117,157,850,9897,15986
55,569,"SAMSUN","TERME",44746,6816,256,1938,7054,27689
55,605,"SAMSUN","VEZİRKÖPRÜ",51681,9322,259,1346,6058,33066
55,886,"SAMSUN","YAKAKENT",5416,891,82,177,1459,2591
55,1028,"SAMSUN","19 MAYIS",15469,2100,91,490,2271,10269
63,15,"ŞANLIURFA","AKÇAKALE",33230,8042,2059,244,1533,19617
63,93,"ŞANLIURFA","BİRECİK",39587,2062,18698,395,2321,15113
63,108,"ŞANLIURFA","BOZOVA",24773,719,11816,176,309,11188
63,118,"ŞANLIURFA","CEYLANPINAR",33966,1434,18269,293,548,12573
63,1047,"ŞANLIURFA","EYYÜBİYE",129522,5102,36303,1323,4620,78479
63,275,"ŞANLIURFA","HALFETİ",17148,392,10411,124,750,5201
63,1048,"ŞANLIURFA","HALİLİYE",161736,6966,45206,2429,7425,95016
63,693,"ŞANLIURFA","HARRAN",28740,11392,487,179,435,15820
63,290,"ŞANLIURFA","HİLVAN",18914,309,7699,128,2126,6095
63,1049,"ŞANLIURFA","KARAKÖPRÜ",58065,3258,18120,1016,2398,31644
63,523,"ŞANLIURFA","SİVEREK",95189,978,41219,460,7734,32167
63,536,"ŞANLIURFA","SURUÇ",43990,383,35587,211,363,6845
63,606,"ŞANLIURFA","VİRANŞEHİR",77770,1421,47387,609,698,26687
56,78,"SİİRT","BAYKAN",11466,201,7738,107,102,3113
56,215,"SİİRT","ERUH",8881,368,6884,34,140,1284
56,388,"SİİRT","KURTALAN",26989,234,21891,181,212,4219
56,468,"SİİRT","PERVARİ",11820,287,7219,55,178,3752
56,513,"SİİRT","SİİRT MERKEZ",72168,2053,44781,999,995,22565
56,555,"SİİRT","ŞİRVAN",8912,213,4286,80,92,4038
56,771,"SİİRT","TİLLO",1823,32,575,18,16,1155
57,55,"SİNOP","AYANCIK",14651,1948,132,241,4981,6869
57,103,"SİNOP","BOYABAT",25736,5724,263,555,3507,14720
57,803,"SİNOP","DİKMEN",3319,252,26,59,590,2077
57,188,"SİNOP","DURAĞAN",10418,1547,103,189,797,7224
57,212,"SİNOP","ERFELEK",7498,725,60,153,2749,3388
57,246,"SİNOP","GERZE",14872,2263,202,296,4686,6628
57,874,"SİNOP","SARAYDÜZÜ",3720,648,12,79,396,2431
57,520,"SİNOP","SİNOP MERKEZ",37772,7250,687,553,17365,11000
57,586,"SİNOP","TÜRKELİ",8485,1077,73,177,1182,5718
58,763,"SİVAS","AKINCILAR",3368,404,26,94,551,2207
58,768,"SİVAS","ALTINYAYLA",5004,617,12,400,331,3564
58,180,"SİVAS","DİVRİĞİ",12049,853,589,203,7662,2563
58,806,"SİVAS","DOĞANŞAR",2068,292,4,80,44,1616
58,239,"SİVAS","GEMEREK",14824,4023,135,679,3827,5782
58,820,"SİVAS","GÖLOVA",2057,241,19,82,208,1457
58,270,"SİVAS","GÜRÜN",11498,2796,201,384,1848,6077
58,273,"SİVAS","HAFİK",6785,827,66,366,2288,3135
58,304,"SİVAS","İMRANLI",5374,503,438,123,2771,1481
58,326,"SİVAS","KANGAL",13709,3744,293,522,3313,5607
58,377,"SİVAS","KOYULHİSAR",8066,1123,59,254,1234,5043
58,521,"SİVAS","SİVAS MERKEZ",204979,38715,2175,15572,18067,128105
58,539,"SİVAS","SUŞEHRİ",15529,2839,72,670,998,10601
58,543,"SİVAS","ŞARKIŞLA",22881,4221,158,2030,3548,12537
58,884,"SİVAS","ULAŞ",5600,1040,68,256,1054,3075
58,624,"SİVAS","YILDIZELİ",20265,2214,121,1279,3177,13176
58,631,"SİVAS","ZARA",14701,2641,540,315,4182,6773
73,88,"ŞIRNAK","BEYTÜŞŞEBAP",8501,318,6822,39,142,1040
73,121,"ŞIRNAK","CİZRE",62020,755,57041,193,329,2655
73,824,"ŞIRNAK","GÜÇLÜKONAK",5113,233,4082,36,113,592
73,300,"ŞIRNAK","İDİL",30362,403,25411,106,244,3111
73,516,"ŞIRNAK","SİLOPİ",55573,987,49595,157,393,3835
73,554,"ŞIRNAK","ŞIRNAK MERKEZ",40491,1908,29050,280,616,6996
73,591,"ŞIRNAK","ULUDERE",18134,709,15855,70,273,1109
59,148,"TEKİRDAĞ","ÇERKEZKÖY",71847,9875,7690,1259,23528,28497
59,156,"TEKİRDAĞ","ÇORLU",144928,21820,8863,1983,68413,41357
59,1052,"TEKİRDAĞ","ERGENE",37611,5207,2612,455,17490,11147
59,285,"TEKİRDAĞ","HAYRABOLU",22136,3486,152,206,11670,5896
59,1051,"TEKİRDAĞ","KAPAKLI",54256,7869,3631,950,19226,21696
59,404,"TEKİRDAĞ","MALKARA",36097,5171,436,614,17575,11037
59,718,"TEKİRDAĞ","MARMARAEREĞLİSİ",14593,2014,1841,141,6266,4065
59,431,"TEKİRDAĞ","MURATLI",18210,2764,463,178,10251,3957
59,489,"TEKİRDAĞ","SARAY",32069,8102,851,351,14621,7393
59,1050,"TEKİRDAĞ","SÜLEYMANPAŞA",116403,17579,4177,1438,52851,36711
59,545,"TEKİRDAĞ","ŞARKÖY",20728,2394,605,220,11296,5593
60,29,"TOKAT","ALMUS",13232,1716,298,264,5111,5652
60,50,"TOKAT","ARTOVA",5673,1010,42,162,1172,3211
60,776,"TOKAT","BAŞÇİFTLİK",2962,643,22,71,455,1684
60,206,"TOKAT","ERBAA",53874,14418,326,1995,7497,28595
60,438,"TOKAT","NİKSAR",37367,7378,504,975,9505,18279
60,727,"TOKAT","PAZAR",8772,2059,33,242,741,5593
60,477,"TOKAT","REŞADİYE",18643,3668,103,468,3598,10464
60,880,"TOKAT","SULUSARAY",4324,675,32,189,390,2979
60,572,"TOKAT","TOKAT MERKEZ",111859,25768,1516,3323,17875,62226
60,583,"TOKAT","TURHAL",50382,10891,803,1480,12592,24035
60,751,"TOKAT","YEŞİLYURT",5349,1322,52,142,590,3180
60,633,"TOKAT","ZİLE",37046,7271,628,902,13289,14562
61,13,"TRABZON","AKÇAABAT",71124,12717,471,2196,12796,40816
61,40,"TRABZON","ARAKLI",24694,3092,212,1166,1503,18222
61,49,"TRABZON","ARSİN",16488,2420,77,618,1255,11831
61,668,"TRABZON","BEŞİKDÜZÜ",14032,6598,74,168,2937,3985
61,789,"TRABZON","ÇARŞIBAŞI",9924,2885,29,219,1194,5382
61,142,"TRABZON","ÇAYKARA",8303,889,57,358,901,5823
61,802,"TRABZON","DERNEKPAZARI",2461,210,11,154,177,1847
61,810,"TRABZON","DÜZKÖY",8579,1275,66,173,2313,4502
61,835,"TRABZON","HAYRAT",4891,397,19,174,317,3902
61,859,"TRABZON","KÖPRÜBAŞI",2951,272,11,181,155,2236
61,400,"TRABZON","MAÇKA",15183,2149,82,361,3440,8866
61,441,"TRABZON","OF",25359,2512,184,1978,2087,18127
61,1039,"TRABZON","ORTAHİSAR",185368,47044,2269,6199,38241,88542
61,540,"TRABZON","SÜRMENE",14643,2004,111,946,1833,9386
61,735,"TRABZON","ŞALPAZARI",7557,1860,21,196,856,4422
61,574,"TRABZON","TONYA",9776,1812,128,350,2744,4506
61,602,"TRABZON","VAKFIKEBİR",16825,4180,75,522,2427,9233
61,625,"TRABZON","YOMRA",19004,3735,105,503,2585,11745
62,145,"TUNCELİ","ÇEMİŞGEZEK",4770,603,1351,59,796,1871
62,294,"TUNCELİ","HOZAT",3475,144,1923,21,1156,175
62,411,"TUNCELİ","MAZGİRT",5424,80,3890,22,1006,362
62,434,"TUNCELİ","NAZIMİYE",2189,43,1560,7,467,67
62,455,"TUNCELİ","OVACIK",4191,120,2717,28,1110,154
62,467,"TUNCELİ","PERTEK",7249,446,4138,50,1311,1212
62,474,"TUNCELİ","PÜLÜMÜR",2241,49,1044,20,1032,66
62,581,"TUNCELİ","TUNCELİ MERKEZ",23421,1646,15648,174,4025,1722
64,69,"UŞAK","BANAZ",24281,7362,220,335,7454,8390
64,221,"UŞAK","EŞME",24478,6337,434,183,8943,8173
64,331,"UŞAK","KARAHALLI",7403,1338,101,161,2501,3167
64,522,"UŞAK","SİVASLI",13812,2630,192,154,5355,5229
64,590,"UŞAK","ULUBEY",9935,2348,79,154,3702,3492
64,597,"UŞAK","UŞAK MERKEZ",147125,43266,4306,3118,36420,57913
65,663,"VAN","BAHÇESARAY",6330,112,4140,74,67,1785
65,74,"VAN","BAŞKALE",26635,171,25937,52,100,317
65,679,"VAN","ÇALDIRAN",26092,379,22795,134,156,2404
65,134,"VAN","ÇATAK",10157,91,8297,82,81,1439
65,811,"VAN","EDREMİT",55591,2049,38636,455,723,12909
65,207,"VAN","ERCİŞ",74225,4738,49335,473,568,18205
65,247,"VAN","GEVAŞ",13867,302,8576,225,136,4393
65,269,"VAN","GÜRPINAR",18302,182,15873,61,116,1857
65,1042,"VAN","İPEKYOLU",137068,3342,95454,1031,1763,32943
65,426,"VAN","MURADİYE",21484,316,17293,102,158,3199
65,458,"VAN","ÖZALP",29908,324,27742,132,165,1386
65,873,"VAN","SARAY",10446,65,9846,15,24,454
65,1041,"VAN","TUŞBA",61812,1246,43993,454,781,14155
77,911,"YALOVA","ALTINOVA",14582,2027,1085,295,4372,6557
77,912,"YALOVA","ARMUTLU",5352,1127,301,158,1188,2468
77,913,"YALOVA","ÇINARCIK",17052,3161,1257,247,6161,5884
77,914,"YALOVA","ÇİFTLİKKÖY",20176,4006,1033,414,6091,8271
77,918,"YALOVA","TERMAL",3390,760,67,123,693,1685
77,609,"YALOVA","YALOVA MERKEZ",77064,15689,7671,1453,21551,29489
66,17,"YOZGAT","AKDAĞMADENİ",22962,6045,112,795,1654,14017
66,770,"YOZGAT","AYDINCIK",6387,1377,63,114,645,4088
66,97,"YOZGAT","BOĞAZLIYAN",20343,5995,204,350,4648,8831
66,788,"YOZGAT","ÇANDIR",2898,996,17,35,521,1281
66,140,"YOZGAT","ÇAYIRALAN",7209,1984,34,115,1271,3666
66,143,"YOZGAT","ÇEKEREK",12774,2246,80,389,1169,8688
66,845,"YOZGAT","KADIŞEHRİ",7197,1033,24,186,609,5232
66,875,"YOZGAT","SARAYKENT",5830,1326,11,77,88,4254
66,495,"YOZGAT","SARIKAYA",18105,4660,179,349,896,11733
66,528,"YOZGAT","SORGUN",43813,8899,272,1502,2584,30095
66,548,"YOZGAT","ŞEFAATLİ",9644,3817,48,119,1034,4509
66,891,"YOZGAT","YENİFAKILI",3678,1112,28,47,880,1555
66,619,"YOZGAT","YERKÖY",22237,7354,714,584,1967,11305
66,626,"YOZGAT","YOZGAT MERKEZ",56786,20070,473,1389,3637,30656
67,651,"ZONGULDAK","ALAPLI",28037,4745,262,708,8177,13628
67,138,"ZONGULDAK","ÇAYCUMA",60670,8098,454,1990,27188,21348
67,174,"ZONGULDAK","DEVREK",36363,5097,273,1622,11603,16592
67,211,"ZONGULDAK","EREĞLİ",108205,19257,1491,2195,40517,42564
67,819,"ZONGULDAK","GÖKÇEBEY",13991,1737,107,484,6092,5080
67,1043,"ZONGULDAK","KİLİMLİ",24100,4051,174,1149,10782,7550
67,1044,"ZONGULDAK","KOZLU",27570,4938,366,1309,9508,10975
67,634,"ZONGULDAK","ZONGULDAK MERKEZ",75544,13559,1232,2699,32231,24553
